location, company, title, url
ğŸ‡­ğŸ‡· Croatia,Glooko,Senior Mobile Engineer,https://remoteok.com/remote-jobs/remote-senior-mobile-engineer-glooko-645384
ğŸ‡ºğŸ‡¸ United States,Transcarent,Senior Mobile Engineer Flutter,https://remoteok.com/remote-jobs/remote-senior-mobile-engineer-flutter-transcarent-643158
Worldwide,XMTP,Senior Flutter Engineer,https://remoteok.com/remote-jobs/remote-senior-flutter-engineer-xmtp-638496
ğŸ‡ºğŸ‡¸ United States,Spring Health,Senior Software Developer I,https://remoteok.com/remote-jobs/remote-senior-software-developer-i-spring-health-615620
ğŸŒ Worldwide,Proxify,Senior Flutter Developer,https://remoteok.com/remote-jobs/remote-senior-flutter-developer-proxify-382219
ğŸ‡³ğŸ‡¬ Nigeria,Canonical - Jobs,Web Frontend Engineer JS CSS React Flutter,https://remoteok.com/remote-jobs/remote-web-frontend-engineer-js-css-react-flutter-canonical-jobs-472776
ğŸ‡®ğŸ‡³ India,Careers at Tide,Senior Mobile Engineer,https://remoteok.com/remote-jobs/remote-senior-mobile-engineer-careers-at-tide-472714
ğŸ‡§ğŸ‡· Brazil,FullStack Labs,Senior Mobile Developer Latin America,https://remoteok.com/remote-jobs/remote-senior-mobile-developer-latin-america-fullstack-labs-469370
ğŸ’ƒ Latin America,CloudDevs,Typescript React Fullstack Developer Senior,https://remoteok.com/remote-jobs/remote-typescript-react-fullstack-developer-senior-clouddevs-340913
ğŸŒ Worldwide,Proxify,Senior Flutter Developer,https://remoteok.com/remote-jobs/remote-senior-flutter-developer-proxify-382348
ğŸ‡ºğŸ‡¸ United States,Gymdesk,PHP developer with Flutter experience for B2B SaaS,https://remoteok.com/remote-jobs/remote-php-developer-with-flutter-experience-for-b2b-saas-gymdesk-352196
Europe 1,Braintrust,ORT Interactive GmbH Senior Android Developer Direct Hire,https://remoteok.com/remote-jobs/remote-ort-interactive-gmbh-senior-android-developer-direct-hire-braintrust-253287
ğŸ‡ªğŸ‡º Europe,Lemon.io,Flutter Developer,https://remoteok.com/remote-jobs/remote-flutter-developer-lemon-io-250591
ğŸŒ Worldwide,QuickTrials,Full Stack Software Engineer,https://remoteok.com/remote-jobs/remote-full-stack-software-engineer-quicktrials-240367
ğŸŒ Worldwide,Carb Manager,Senior Software Developer,https://remoteok.com/remote-jobs/remote-senior-software-developer-carb-manager-205552
